-- phpMyAdmin SQL Dump
-- version 5.2.0
-- https://www.phpmyadmin.net/
--
-- Host: 127.0.0.1
-- Tempo de geração: 17-Nov-2022 às 18:58
-- Versão do servidor: 10.4.25-MariaDB
-- versão do PHP: 8.1.10

SET SQL_MODE = "NO_AUTO_VALUE_ON_ZERO";
START TRANSACTION;
SET time_zone = "+00:00";


/*!40101 SET @OLD_CHARACTER_SET_CLIENT=@@CHARACTER_SET_CLIENT */;
/*!40101 SET @OLD_CHARACTER_SET_RESULTS=@@CHARACTER_SET_RESULTS */;
/*!40101 SET @OLD_COLLATION_CONNECTION=@@COLLATION_CONNECTION */;
/*!40101 SET NAMES utf8mb4 */;

--
-- Banco de dados: `mecanica`
--

CREATE SCHEMA IF NOT EXISTS `mecanica` DEFAULT CHARACTER SET utf8 ;
USE `mecanica` ;

--
-- Estrutura da tabela `eletrodo`
--

CREATE TABLE `eletrodo` (
  `id` int(11) NOT NULL,
  `descricao` varchar(50) NOT NULL,
  `material_id` int(11) NOT NULL
) ENGINE=InnoDB DEFAULT CHARSET=utf8;

--
-- Extraindo dados da tabela `eletrodo`
--

INSERT INTO `eletrodo` (`id`, `descricao`, `material_id`) VALUES
(1, 'Cobre', 1),
(2, 'CuW', 1),
(3, 'Gr(-)', 1),
(4, 'Gr(+)', 1);

-- --------------------------------------------------------

--
-- Estrutura da tabela `material`
--

CREATE TABLE `material` (
  `id` int(11) NOT NULL,
  `descricao` varchar(50) NOT NULL
) ENGINE=InnoDB DEFAULT CHARSET=utf8;

--
-- Extraindo dados da tabela `material`
--

INSERT INTO `material` (`id`, `descricao`) VALUES
(1, 'Inconel');

-- --------------------------------------------------------

--
-- Estrutura da tabela `operacao`
--

CREATE TABLE `operacao` (
  `id` int(11) NOT NULL,
  `descricao` varchar(50) NOT NULL
) ENGINE=InnoDB DEFAULT CHARSET=utf8;

--
-- Extraindo dados da tabela `operacao`
--

INSERT INTO `operacao` (`id`, `descricao`) VALUES
(1, 'Desbaste'),
(2, 'Acabamento');

-- --------------------------------------------------------

--
-- Estrutura da tabela `ponto`
--

CREATE TABLE `ponto` (
  `id` int(11) NOT NULL,
  `valor_corrente` decimal(10,3) NOT NULL,
  `valor_relacao` decimal(10,3) NOT NULL,
  `valor_desgaste` decimal(10,3) NOT NULL,
  `valor_remocao` decimal(10,3) NOT NULL,
  `valor_rugosidade` decimal(10,3) NOT NULL,
  `duracao` decimal(10,3) NOT NULL,
  `polaridade` int(11) NOT NULL,
  `eletrodo_id` int(11) NOT NULL,
  `operacao_id` int(11) NOT NULL
) ENGINE=InnoDB DEFAULT CHARSET=utf8;

--
-- Extraindo dados da tabela `ponto`
--

INSERT INTO `ponto` (`id`, `valor_corrente`, `valor_relacao`, `valor_desgaste`, `valor_remocao`, `valor_rugosidade`, `duracao`, `polaridade`, `eletrodo_id`, `operacao_id`) VALUES
(1, '11.000', '0.500', '1.257', '7.851', '4.480', '24.000', 1, 1, 1),
(2, '11.000', '0.660', '1.016', '10.155', '4.930', '24.000', 1, 1, 1),
(3, '11.000', '0.800', '1.287', '13.757', '4.620', '24.000', 1, 1, 1),
(4, '11.000', '0.900', '1.376', '12.112', '5.440', '24.000', 1, 1, 1),
(5, '11.000', '0.500', '0.771', '10.935', '6.280', '56.000', 1, 1, 1),
(6, '11.000', '0.660', '0.798', '11.020', '6.480', '56.000', 1, 1, 1),
(7, '11.000', '0.800', '0.802', '11.509', '6.320', '56.000', 1, 1, 1),
(8, '11.000', '0.900', '0.731', '11.205', '5.900', '56.000', 1, 1, 1),
(9, '11.000', '0.500', '0.415', '6.276', '5.320', '100.000', 1, 1, 1),
(10, '11.000', '0.660', '0.353', '11.943', '6.030', '100.000', 1, 1, 1),
(11, '11.000', '0.800', '0.858', '13.646', '6.700', '100.000', 1, 1, 1),
(12, '11.000', '0.900', '0.831', '10.719', '6.460', '100.000', 1, 1, 1),
(13, '11.000', '0.500', '0.109', '5.596', '7.060', '420.000', 1, 1, 1),
(14, '11.000', '0.660', '0.099', '7.035', '7.500', '420.000', 1, 1, 1),
(15, '11.000', '0.800', '0.129', '8.291', '7.310', '420.000', 1, 1, 1),
(16, '11.000', '0.900', '0.137', '6.782', '7.480', '420.000', 1, 1, 1),
(17, '18.000', '0.500', '25.350', '12.986', '5.000', '24.000', 1, 1, 1),
(18, '18.000', '0.660', '21.037', '13.395', '5.640', '24.000', 1, 1, 1),
(19, '18.000', '0.800', '18.963', '13.856', '6.040', '24.000', 1, 1, 1),
(20, '18.000', '0.900', '16.054', '12.127', '6.220', '24.000', 1, 1, 1),
(21, '18.000', '0.500', '4.037', '16.656', '5.260', '56.000', 1, 1, 1),
(22, '18.000', '0.660', '3.668', '17.772', '5.400', '56.000', 1, 1, 1),
(23, '18.000', '0.800', '3.170', '18.166', '5.200', '56.000', 1, 1, 1),
(24, '18.000', '0.900', '3.010', '16.385', '5.880', '56.000', 1, 1, 1),
(25, '18.000', '0.500', '4.104', '17.117', '6.620', '100.000', 1, 1, 1),
(26, '18.000', '0.660', '3.755', '19.198', '7.360', '100.000', 1, 1, 1),
(27, '18.000', '0.800', '3.622', '18.847', '7.060', '100.000', 1, 1, 1),
(28, '18.000', '0.900', '3.204', '17.023', '7.400', '100.000', 1, 1, 1),
(29, '18.000', '0.500', '0.154', '11.968', '9.400', '420.000', 1, 1, 1),
(30, '18.000', '0.660', '0.141', '12.871', '9.620', '420.000', 1, 1, 1),
(31, '18.000', '0.800', '0.120', '13.690', '9.060', '420.000', 1, 1, 1),
(32, '18.000', '0.900', '0.099', '12.588', '10.120', '420.000', 1, 1, 1),
(33, '25.000', '0.500', '31.675', '24.602', '5.960', '24.000', 1, 1, 1),
(34, '25.000', '0.660', '26.450', '25.495', '6.200', '24.000', 1, 1, 1),
(35, '25.000', '0.800', '17.755', '28.762', '6.100', '24.000', 1, 1, 1),
(36, '25.000', '0.900', '3.873', '27.069', '7.220', '24.000', 1, 1, 1),
(37, '25.000', '0.500', '16.062', '28.662', '7.260', '56.000', 1, 1, 1),
(38, '25.000', '0.660', '15.077', '31.360', '8.000', '56.000', 1, 1, 1),
(39, '25.000', '0.800', '7.348', '30.937', '7.860', '56.000', 1, 1, 1),
(40, '25.000', '0.900', '2.196', '32.128', '8.600', '56.000', 1, 1, 1),
(41, '25.000', '0.500', '13.241', '38.602', '8.400', '100.000', 1, 1, 1),
(42, '25.000', '0.660', '9.363', '41.063', '9.920', '100.000', 1, 1, 1),
(43, '25.000', '0.800', '7.674', '45.469', '10.770', '100.000', 1, 1, 1),
(44, '25.000', '0.900', '2.018', '44.031', '11.880', '100.000', 1, 1, 1),
(45, '25.000', '0.500', '1.331', '26.911', '11.240', '420.000', 1, 1, 1),
(46, '25.000', '0.660', '0.969', '28.156', '12.400', '420.000', 1, 1, 1),
(47, '25.000', '0.800', '0.556', '36.142', '11.760', '420.000', 1, 1, 1),
(48, '25.000', '0.900', '0.321', '35.994', '13.220', '420.000', 1, 1, 1),
(49, '37.000', '0.500', '27.915', '59.365', '5.040', '24.000', 1, 1, 1),
(50, '37.000', '0.660', '24.609', '63.888', '5.400', '24.000', 1, 1, 1),
(51, '37.000', '0.800', '18.635', '65.192', '6.000', '24.000', 1, 1, 1),
(52, '37.000', '0.900', '13.602', '62.337', '8.220', '24.000', 1, 1, 1),
(53, '37.000', '0.500', '22.097', '60.109', '7.220', '56.000', 1, 1, 1),
(54, '37.000', '0.660', '19.687', '62.029', '8.680', '56.000', 1, 1, 1),
(55, '37.000', '0.800', '16.347', '63.623', '9.200', '56.000', 1, 1, 1),
(56, '37.000', '0.900', '12.998', '61.038', '9.960', '56.000', 1, 1, 1),
(57, '37.000', '0.500', '20.986', '68.661', '8.660', '100.000', 1, 1, 1),
(58, '37.000', '0.660', '14.996', '72.923', '9.120', '100.000', 1, 1, 1),
(59, '37.000', '0.800', '9.779', '77.439', '9.480', '100.000', 1, 1, 1),
(60, '37.000', '0.900', '5.631', '73.341', '10.200', '100.000', 1, 1, 1),
(61, '37.000', '0.500', '6.400', '59.812', '9.260', '420.000', 1, 1, 1),
(62, '37.000', '0.660', '3.682', '61.623', '10.920', '420.000', 1, 1, 1),
(63, '37.000', '0.800', '1.863', '64.332', '11.120', '420.000', 1, 1, 1),
(64, '37.000', '0.900', '0.915', '61.229', '13.720', '420.000', 1, 1, 1),
(65, '11.000', '0.500', '0.518', '5.504', '4.120', '24.000', 1, 2, 1),
(66, '11.000', '0.660', '0.440', '7.586', '4.460', '24.000', 1, 2, 1),
(67, '11.000', '0.800', '0.529', '10.524', '4.270', '24.000', 1, 2, 1),
(68, '11.000', '0.900', '0.581', '9.314', '5.030', '24.000', 1, 2, 1),
(69, '11.000', '0.500', '0.326', '8.464', '5.400', '56.000', 1, 2, 1),
(70, '11.000', '0.660', '0.326', '8.585', '5.840', '56.000', 1, 2, 1),
(71, '11.000', '0.800', '0.350', '9.300', '5.580', '56.000', 1, 2, 1),
(72, '11.000', '0.900', '0.309', '8.852', '5.530', '56.000', 1, 2, 1),
(73, '11.000', '0.500', '0.182', '4.971', '4.580', '100.000', 1, 2, 1),
(74, '11.000', '0.660', '0.144', '9.638', '5.450', '100.000', 1, 2, 1),
(75, '11.000', '0.800', '0.365', '11.285', '6.020', '100.000', 1, 2, 1),
(76, '11.000', '0.900', '0.333', '8.168', '6.100', '100.000', 1, 2, 1),
(77, '11.000', '0.500', '0.047', '2.988', '6.080', '420.000', 1, 2, 1),
(78, '11.000', '0.660', '0.040', '3.651', '6.710', '420.000', 1, 2, 1),
(79, '11.000', '0.800', '0.052', '4.419', '6.290', '420.000', 1, 2, 1),
(80, '11.000', '0.900', '0.058', '3.283', '7.230', '420.000', 1, 2, 1),
(81, '18.000', '0.500', '6.490', '13.194', '4.870', '24.000', 1, 2, 1),
(82, '18.000', '0.660', '5.975', '13.609', '5.470', '24.000', 1, 2, 1),
(83, '18.000', '0.800', '6.125', '15.200', '5.840', '24.000', 1, 2, 1),
(84, '18.000', '0.900', '4.495', '12.454', '6.000', '24.000', 1, 2, 1),
(85, '18.000', '0.500', '1.175', '17.239', '5.010', '56.000', 1, 2, 1),
(86, '18.000', '0.660', '1.188', '17.843', '5.160', '56.000', 1, 2, 1),
(87, '18.000', '0.800', '0.964', '19.874', '4.970', '56.000', 1, 2, 1),
(88, '18.000', '0.900', '0.978', '17.384', '5.610', '56.000', 1, 2, 1),
(89, '18.000', '0.500', '1.038', '26.994', '7.610', '100.000', 1, 2, 1),
(90, '18.000', '0.660', '0.980', '30.506', '8.660', '100.000', 1, 2, 1),
(91, '18.000', '0.800', '1.137', '23.461', '7.780', '100.000', 1, 2, 1),
(92, '18.000', '0.900', '1.038', '26.454', '7.800', '100.000', 1, 2, 1),
(93, '18.000', '0.500', '0.044', '18.789', '10.660', '420.000', 1, 2, 1),
(94, '18.000', '0.660', '0.043', '22.229', '11.410', '420.000', 1, 2, 1),
(95, '18.000', '0.800', '0.033', '23.177', '9.710', '420.000', 1, 2, 1),
(96, '18.000', '0.900', '0.025', '19.864', '11.430', '420.000', 1, 2, 1),
(97, '25.000', '0.500', '9.973', '22.659', '5.220', '24.000', 1, 2, 1),
(98, '25.000', '0.660', '10.515', '22.461', '5.850', '24.000', 1, 2, 1),
(99, '25.000', '0.800', '10.678', '26.231', '5.560', '24.000', 1, 2, 1),
(100, '25.000', '0.900', '11.072', '25.228', '6.420', '24.000', 1, 2, 1),
(101, '25.000', '0.500', '6.065', '26.971', '6.930', '56.000', 1, 2, 1),
(102, '25.000', '0.660', '5.336', '29.165', '7.600', '56.000', 1, 2, 1),
(103, '25.000', '0.800', '2.153', '28.957', '7.010', '56.000', 1, 2, 1),
(104, '25.000', '0.900', '1.470', '30.169', '7.580', '56.000', 1, 2, 1),
(105, '25.000', '0.500', '2.269', '19.787', '7.400', '100.000', 1, 2, 1),
(106, '25.000', '0.660', '1.733', '22.659', '9.550', '100.000', 1, 2, 1),
(107, '25.000', '0.800', '1.270', '33.057', '9.950', '100.000', 1, 2, 1),
(108, '25.000', '0.900', '0.376', '27.231', '11.360', '100.000', 1, 2, 1),
(109, '25.000', '0.500', '0.242', '25.228', '10.880', '420.000', 1, 2, 1),
(110, '25.000', '0.660', '0.178', '30.925', '11.250', '420.000', 1, 2, 1),
(111, '25.000', '0.800', '0.144', '32.163', '11.230', '420.000', 1, 2, 1),
(112, '25.000', '0.900', '0.060', '37.207', '12.020', '420.000', 1, 2, 1),
(113, '37.000', '0.500', '0.949', '12.288', '4.200', '24.000', 1, 2, 1),
(114, '37.000', '0.660', '0.861', '12.969', '5.600', '24.000', 1, 2, 1),
(115, '37.000', '0.800', '0.615', '13.364', '5.880', '24.000', 1, 2, 1),
(116, '37.000', '0.900', '0.476', '12.511', '9.000', '24.000', 1, 2, 1),
(117, '37.000', '0.500', '1.923', '35.034', '5.800', '56.000', 1, 2, 1),
(118, '37.000', '0.660', '1.713', '37.280', '8.220', '56.000', 1, 2, 1),
(119, '37.000', '0.800', '1.471', '38.365', '8.960', '56.000', 1, 2, 1),
(120, '37.000', '0.900', '1.157', '36.134', '9.400', '56.000', 1, 2, 1),
(121, '37.000', '0.500', '1.889', '50.604', '8.840', '100.000', 1, 2, 1),
(122, '37.000', '0.660', '1.365', '56.953', '10.100', '100.000', 1, 2, 1),
(123, '37.000', '0.800', '0.880', '66.023', '10.400', '100.000', 1, 2, 1),
(124, '37.000', '0.900', '0.501', '54.786', '10.520', '100.000', 1, 2, 1),
(125, '37.000', '0.500', '0.467', '48.447', '10.980', '420.000', 1, 2, 1),
(126, '37.000', '0.660', '0.280', '50.716', '13.200', '420.000', 1, 2, 1),
(127, '37.000', '0.800', '0.143', '47.670', '12.400', '420.000', 1, 2, 1),
(128, '37.000', '0.900', '0.070', '46.902', '13.000', '420.000', 1, 2, 1),
(129, '11.000', '0.500', '5.719', '25.048', '5.280', '24.000', 0, 3, 1),
(130, '11.000', '0.660', '4.506', '24.128', '5.900', '24.000', 0, 3, 1),
(131, '11.000', '0.800', '3.967', '32.220', '5.550', '24.000', 0, 3, 1),
(132, '11.000', '0.900', '2.166', '35.162', '6.870', '24.000', 0, 3, 1),
(133, '11.000', '0.500', '1.357', '29.318', '7.690', '56.000', 0, 3, 1),
(134, '11.000', '0.660', '5.610', '27.628', '7.780', '56.000', 0, 3, 1),
(135, '11.000', '0.800', '4.631', '33.550', '7.770', '56.000', 0, 3, 1),
(136, '11.000', '0.900', '3.645', '32.964', '7.500', '56.000', 0, 3, 1),
(137, '11.000', '0.500', '2.029', '26.156', '6.270', '100.000', 0, 3, 1),
(138, '11.000', '0.660', '4.046', '33.956', '7.220', '100.000', 0, 3, 1),
(139, '11.000', '0.800', '6.843', '33.832', '9.640', '100.000', 0, 3, 1),
(140, '11.000', '0.900', '3.433', '32.341', '8.030', '100.000', 0, 3, 1),
(141, '11.000', '0.500', '4.606', '29.625', '8.040', '420.000', 0, 3, 1),
(142, '11.000', '0.660', '6.810', '30.004', '8.300', '420.000', 0, 3, 1),
(143, '11.000', '0.800', '5.543', '30.628', '10.200', '420.000', 0, 3, 1),
(144, '11.000', '0.900', '4.098', '28.932', '10.500', '420.000', 0, 3, 1),
(145, '18.000', '0.500', '34.679', '47.762', '6.200', '24.000', 0, 3, 1),
(146, '18.000', '0.660', '31.198', '49.267', '9.130', '24.000', 0, 3, 1),
(147, '18.000', '0.800', '28.976', '51.116', '10.000', '24.000', 0, 3, 1),
(148, '18.000', '0.900', '25.269', '44.748', '10.520', '24.000', 0, 3, 1),
(149, '18.000', '0.500', '7.109', '62.226', '9.020', '56.000', 0, 3, 1),
(150, '18.000', '0.660', '7.398', '66.733', '9.880', '56.000', 0, 3, 1),
(151, '18.000', '0.800', '6.447', '68.615', '9.560', '56.000', 0, 3, 1),
(152, '18.000', '0.900', '6.778', '61.956', '10.880', '56.000', 0, 3, 1),
(153, '18.000', '0.500', '10.173', '60.550', '9.940', '100.000', 0, 3, 1),
(154, '18.000', '0.660', '9.697', '64.879', '9.400', '100.000', 0, 3, 1),
(155, '18.000', '0.800', '9.377', '63.922', '9.520', '100.000', 0, 3, 1),
(156, '18.000', '0.900', '8.410', '61.722', '9.400', '100.000', 0, 3, 1),
(157, '18.000', '0.500', '3.689', '58.935', '12.540', '420.000', 0, 3, 1),
(158, '18.000', '0.660', '2.399', '61.039', '12.890', '420.000', 0, 3, 1),
(159, '18.000', '0.800', '1.537', '62.615', '12.580', '420.000', 0, 3, 1),
(160, '18.000', '0.900', '0.592', '64.855', '14.600', '420.000', 0, 3, 1),
(161, '25.000', '0.500', '34.749', '68.099', '6.320', '24.000', 0, 3, 1),
(162, '25.000', '0.660', '35.529', '71.336', '6.760', '24.000', 0, 3, 1),
(163, '25.000', '0.800', '23.595', '79.413', '7.000', '24.000', 0, 3, 1),
(164, '25.000', '0.900', '5.596', '74.709', '7.090', '24.000', 0, 3, 1),
(165, '25.000', '0.500', '23.576', '79.624', '7.140', '56.000', 0, 3, 1),
(166, '25.000', '0.660', '22.893', '86.680', '7.880', '56.000', 0, 3, 1),
(167, '25.000', '0.800', '11.554', '86.468', '7.760', '56.000', 0, 3, 1),
(168, '25.000', '0.900', '3.773', '89.349', '8.490', '56.000', 0, 3, 1),
(169, '25.000', '0.500', '22.639', '79.909', '8.300', '100.000', 0, 3, 1),
(170, '25.000', '0.660', '17.071', '82.834', '9.810', '100.000', 0, 3, 1),
(171, '25.000', '0.800', '14.270', '82.974', '10.700', '100.000', 0, 3, 1),
(172, '25.000', '0.900', '3.676', '84.672', '11.820', '100.000', 0, 3, 1),
(173, '25.000', '0.500', '7.065', '51.588', '10.680', '420.000', 0, 3, 1),
(174, '25.000', '0.660', '13.321', '53.862', '11.060', '420.000', 0, 3, 1),
(175, '25.000', '0.800', '11.818', '68.634', '12.420', '420.000', 0, 3, 1),
(176, '25.000', '0.900', '4.377', '68.173', '12.880', '420.000', 0, 3, 1),
(177, '37.000', '0.500', '35.424', '90.216', '5.860', '24.000', 0, 3, 1),
(178, '37.000', '0.660', '29.137', '94.216', '6.600', '24.000', 0, 3, 1),
(179, '37.000', '0.800', '23.872', '98.616', '7.400', '24.000', 0, 3, 1),
(180, '37.000', '0.900', '17.669', '95.699', '8.540', '24.000', 0, 3, 1),
(181, '37.000', '0.500', '25.920', '108.211', '9.060', '56.000', 0, 3, 1),
(182, '37.000', '0.660', '24.452', '114.495', '9.800', '56.000', 0, 3, 1),
(183, '37.000', '0.800', '19.763', '111.698', '11.040', '56.000', 0, 3, 1),
(184, '37.000', '0.900', '16.768', '110.367', '13.200', '56.000', 0, 3, 1),
(185, '37.000', '0.500', '26.422', '107.037', '11.400', '100.000', 0, 3, 1),
(186, '37.000', '0.660', '17.740', '115.398', '12.620', '100.000', 0, 3, 1),
(187, '37.000', '0.800', '12.429', '113.451', '13.250', '100.000', 0, 3, 1),
(188, '37.000', '0.900', '12.611', '110.963', '14.880', '100.000', 0, 3, 1),
(189, '37.000', '0.500', '15.344', '70.559', '15.960', '420.000', 0, 3, 1),
(190, '37.000', '0.660', '10.448', '120.723', '14.500', '420.000', 0, 3, 1),
(191, '37.000', '0.800', '8.362', '117.610', '14.620', '420.000', 0, 3, 1),
(192, '37.000', '0.900', '8.228', '115.982', '15.000', '420.000', 0, 3, 1),
(193, '11.000', '0.500', '5.906', '7.035', '4.120', '24.000', 1, 4, 1),
(194, '11.000', '0.660', '5.134', '11.537', '4.460', '24.000', 1, 4, 1),
(195, '11.000', '0.800', '5.737', '12.739', '4.270', '24.000', 1, 4, 1),
(196, '11.000', '0.900', '6.971', '11.022', '5.030', '24.000', 1, 4, 1),
(197, '11.000', '0.500', '4.062', '9.328', '5.400', '56.000', 1, 4, 1),
(198, '11.000', '0.660', '3.920', '9.411', '5.840', '56.000', 1, 4, 1),
(199, '11.000', '0.800', '4.425', '10.704', '5.580', '56.000', 1, 4, 1),
(200, '11.000', '0.900', '3.621', '9.692', '5.530', '56.000', 1, 4, 1),
(201, '11.000', '0.500', '1.896', '5.856', '4.580', '100.000', 1, 4, 1),
(202, '11.000', '0.660', '1.721', '10.797', '5.450', '100.000', 1, 4, 1),
(203, '11.000', '0.800', '4.865', '12.554', '6.020', '100.000', 1, 4, 1),
(204, '11.000', '0.900', '4.769', '9.508', '6.100', '100.000', 1, 4, 1),
(205, '11.000', '0.500', '0.550', '4.824', '6.080', '420.000', 1, 4, 1),
(206, '11.000', '0.660', '0.537', '6.571', '6.710', '420.000', 1, 4, 1),
(207, '11.000', '0.800', '0.628', '7.636', '6.290', '420.000', 1, 4, 1),
(208, '11.000', '0.900', '0.720', '5.921', '7.230', '420.000', 1, 4, 1),
(209, '18.000', '0.500', '27.631', '18.735', '4.600', '24.000', 1, 4, 1),
(210, '18.000', '0.660', '26.864', '22.661', '4.800', '24.000', 1, 4, 1),
(211, '18.000', '0.800', '22.927', '24.009', '5.320', '24.000', 1, 4, 1),
(212, '18.000', '0.900', '20.341', '23.515', '5.500', '24.000', 1, 4, 1),
(213, '18.000', '0.500', '4.768', '24.985', '5.040', '56.000', 1, 4, 1),
(214, '18.000', '0.660', '4.493', '26.912', '5.360', '56.000', 1, 4, 1),
(215, '18.000', '0.800', '4.048', '28.115', '5.800', '56.000', 1, 4, 1),
(216, '18.000', '0.900', '3.699', '25.674', '5.980', '56.000', 1, 4, 1),
(217, '18.000', '0.500', '4.305', '18.601', '6.400', '100.000', 1, 4, 1),
(218, '18.000', '0.660', '4.150', '20.720', '7.000', '100.000', 1, 4, 1),
(219, '18.000', '0.800', '3.759', '24.213', '7.200', '100.000', 1, 4, 1),
(220, '18.000', '0.900', '4.081', '18.766', '7.040', '100.000', 1, 4, 1),
(221, '18.000', '0.500', '3.390', '12.807', '8.280', '420.000', 1, 4, 1),
(222, '18.000', '0.660', '3.175', '13.593', '8.460', '420.000', 1, 4, 1),
(223, '18.000', '0.800', '2.437', '14.459', '8.900', '420.000', 1, 4, 1),
(224, '18.000', '0.900', '2.120', '13.050', '9.880', '420.000', 1, 4, 1),
(225, '25.000', '0.500', '2.134', '29.316', '5.160', '24.000', 1, 4, 1),
(226, '25.000', '0.660', '1.737', '31.239', '5.600', '24.000', 1, 4, 1),
(227, '25.000', '0.800', '1.329', '33.698', '5.880', '24.000', 1, 4, 1),
(228, '25.000', '0.900', '0.905', '31.985', '6.200', '24.000', 1, 4, 1),
(229, '25.000', '0.500', '2.227', '41.903', '6.660', '56.000', 1, 4, 1),
(230, '25.000', '0.660', '1.815', '45.971', '6.980', '56.000', 1, 4, 1),
(231, '25.000', '0.800', '1.275', '46.753', '7.380', '56.000', 1, 4, 1),
(232, '25.000', '0.900', '0.820', '49.040', '7.500', '56.000', 1, 4, 1),
(233, '25.000', '0.500', '0.722', '28.143', '9.200', '100.000', 1, 4, 1),
(234, '25.000', '0.660', '2.436', '30.067', '8.460', '100.000', 1, 4, 1),
(235, '25.000', '0.800', '2.018', '32.118', '8.800', '100.000', 1, 4, 1),
(236, '25.000', '0.900', '1.591', '33.402', '9.200', '100.000', 1, 4, 1),
(237, '25.000', '0.500', '0.877', '19.687', '10.200', '420.000', 1, 4, 1),
(238, '25.000', '0.660', '0.775', '22.984', '10.600', '420.000', 1, 4, 1),
(239, '25.000', '0.800', '0.492', '23.674', '11.220', '420.000', 1, 4, 1),
(240, '25.000', '0.900', '0.403', '19.906', '11.560', '420.000', 1, 4, 1),
(241, '37.000', '0.500', '15.102', '23.353', '6.540', '24.000', 1, 4, 1),
(242, '37.000', '0.660', '13.535', '25.555', '6.530', '24.000', 1, 4, 1),
(243, '37.000', '0.800', '10.138', '25.946', '6.640', '24.000', 1, 4, 1),
(244, '37.000', '0.900', '7.359', '24.879', '7.970', '24.000', 1, 4, 1),
(245, '37.000', '0.500', '18.527', '52.956', '8.160', '56.000', 1, 4, 1),
(246, '37.000', '0.660', '16.506', '55.268', '9.720', '56.000', 1, 4, 1),
(247, '37.000', '0.800', '13.748', '55.734', '8.650', '56.000', 1, 4, 1),
(248, '37.000', '0.900', '10.828', '55.117', '9.660', '56.000', 1, 4, 1),
(249, '37.000', '0.500', '6.716', '47.247', '9.790', '100.000', 1, 4, 1),
(250, '37.000', '0.660', '5.399', '49.467', '10.210', '100.000', 1, 4, 1),
(251, '37.000', '0.800', '2.054', '52.982', '8.910', '100.000', 1, 4, 1),
(252, '37.000', '0.900', '2.140', '50.444', '9.890', '100.000', 1, 4, 1),
(253, '37.000', '0.500', '3.277', '49.037', '9.800', '420.000', 1, 4, 1),
(254, '37.000', '0.660', '1.281', '49.419', '10.740', '420.000', 1, 4, 1),
(255, '37.000', '0.800', '0.763', '51.206', '11.080', '420.000', 1, 4, 1),
(256, '37.000', '0.900', '0.695', '50.028', '11.800', '420.000', 1, 4, 1),
(257, '2.400', '0.200', '5.425', '0.076', '0.938', '7.500', 1, 1, 2),
(258, '2.400', '0.330', '2.299', '0.131', '1.130', '7.500', 1, 1, 2),
(259, '2.400', '0.500', '1.730', '0.116', '1.221', '7.500', 1, 1, 2),
(260, '2.400', '0.660', '1.096', '0.078', '1.267', '7.500', 1, 1, 2),
(261, '2.400', '0.200', '9.261', '0.379', '1.102', '24.000', 1, 1, 2),
(262, '2.400', '0.330', '6.299', '0.691', '1.052', '24.000', 1, 1, 2),
(263, '2.400', '0.500', '3.708', '0.600', '1.072', '24.000', 1, 1, 2),
(264, '2.400', '0.660', '1.213', '0.663', '1.093', '24.000', 1, 1, 2),
(265, '2.400', '0.200', '8.698', '0.377', '1.118', '56.000', 1, 1, 2),
(266, '2.400', '0.330', '5.916', '0.518', '1.121', '56.000', 1, 1, 2),
(267, '2.400', '0.500', '2.568', '0.449', '1.171', '56.000', 1, 1, 2),
(268, '2.400', '0.660', '0.897', '0.384', '1.195', '56.000', 1, 1, 2),
(269, '2.400', '0.200', '6.882', '0.312', '1.201', '100.000', 1, 1, 2),
(270, '2.400', '0.330', '4.682', '0.497', '1.111', '100.000', 1, 1, 2),
(271, '2.400', '0.500', '2.923', '0.423', '1.125', '100.000', 1, 1, 2),
(272, '2.400', '0.660', '0.513', '0.218', '1.169', '100.000', 1, 1, 2),
(273, '3.200', '0.200', '2.045', '0.193', '1.671', '7.500', 1, 1, 2),
(274, '3.200', '0.330', '2.093', '0.263', '1.652', '7.500', 1, 1, 2),
(275, '3.200', '0.500', '2.077', '0.234', '1.722', '7.500', 1, 1, 2),
(276, '3.200', '0.660', '2.613', '0.221', '1.809', '7.500', 1, 1, 2),
(277, '3.200', '0.200', '0.883', '0.531', '1.725', '24.000', 1, 1, 2),
(278, '3.200', '0.330', '0.894', '0.673', '1.643', '24.000', 1, 1, 2),
(279, '3.200', '0.500', '1.269', '0.637', '1.698', '24.000', 1, 1, 2),
(280, '3.200', '0.660', '3.291', '0.560', '1.773', '24.000', 1, 1, 2),
(281, '3.200', '0.200', '0.450', '0.234', '1.881', '56.000', 1, 1, 2),
(282, '3.200', '0.330', '0.370', '0.241', '2.041', '56.000', 1, 1, 2),
(283, '3.200', '0.500', '0.694', '0.240', '1.906', '56.000', 1, 1, 2),
(284, '3.200', '0.660', '2.756', '0.230', '1.853', '56.000', 1, 1, 2),
(285, '3.200', '0.200', '0.780', '0.266', '1.822', '100.000', 1, 1, 2),
(286, '3.200', '0.330', '0.648', '0.339', '1.860', '100.000', 1, 1, 2),
(287, '3.200', '0.500', '0.650', '0.275', '1.909', '100.000', 1, 1, 2),
(288, '3.200', '0.660', '1.319', '0.316', '1.903', '100.000', 1, 1, 2),
(289, '4.000', '0.200', '0.357', '0.124', '1.885', '7.500', 1, 1, 2),
(290, '4.000', '0.330', '0.342', '0.201', '1.726', '7.500', 1, 1, 2),
(291, '4.000', '0.500', '0.384', '0.191', '1.912', '7.500', 1, 1, 2),
(292, '4.000', '0.660', '0.358', '0.157', '1.892', '7.500', 1, 1, 2),
(293, '4.000', '0.200', '0.828', '0.337', '2.067', '24.000', 1, 1, 2),
(294, '4.000', '0.330', '1.092', '0.982', '2.219', '24.000', 1, 1, 2),
(295, '4.000', '0.500', '1.304', '0.799', '2.237', '24.000', 1, 1, 2),
(296, '4.000', '0.660', '1.299', '0.662', '2.369', '24.000', 1, 1, 2),
(297, '4.000', '0.200', '1.380', '0.324', '2.514', '56.000', 1, 1, 2),
(298, '4.000', '0.330', '1.492', '0.692', '2.464', '56.000', 1, 1, 2),
(299, '4.000', '0.500', '1.524', '0.601', '2.559', '56.000', 1, 1, 2),
(300, '4.000', '0.660', '1.443', '0.537', '2.602', '56.000', 1, 1, 2),
(301, '4.000', '0.200', '1.622', '0.332', '2.248', '100.000', 1, 1, 2),
(302, '4.000', '0.330', '1.689', '0.628', '2.119', '100.000', 1, 1, 2),
(303, '4.000', '0.500', '1.710', '0.591', '2.305', '100.000', 1, 1, 2),
(304, '4.000', '0.660', '1.602', '0.557', '2.101', '100.000', 1, 1, 2),
(305, '5.600', '0.200', '0.835', '0.191', '2.493', '7.500', 1, 1, 2),
(306, '5.600', '0.330', '0.814', '0.187', '2.487', '7.500', 1, 1, 2),
(307, '5.600', '0.500', '0.827', '0.201', '2.501', '7.500', 1, 1, 2),
(308, '5.600', '0.660', '0.805', '0.194', '2.506', '7.500', 1, 1, 2),
(309, '5.600', '0.200', '1.200', '1.222', '2.403', '24.000', 1, 1, 2),
(310, '5.600', '0.330', '1.117', '2.108', '2.477', '24.000', 1, 1, 2),
(311, '5.600', '0.500', '1.279', '1.551', '2.505', '24.000', 1, 1, 2),
(312, '5.600', '0.660', '1.147', '1.881', '2.536', '24.000', 1, 1, 2),
(313, '5.600', '0.200', '0.724', '0.763', '2.783', '56.000', 1, 1, 2),
(314, '5.600', '0.330', '0.685', '0.960', '2.804', '56.000', 1, 1, 2),
(315, '5.600', '0.500', '0.709', '0.833', '2.853', '56.000', 1, 1, 2),
(316, '5.600', '0.660', '0.848', '0.780', '2.887', '56.000', 1, 1, 2),
(317, '5.600', '0.200', '1.190', '0.661', '2.706', '100.000', 1, 1, 2),
(318, '5.600', '0.330', '1.221', '0.721', '2.605', '100.000', 1, 1, 2),
(319, '5.600', '0.500', '1.311', '0.671', '2.795', '100.000', 1, 1, 2),
(320, '5.600', '0.660', '1.359', '0.561', '2.884', '100.000', 1, 1, 2),
(321, '2.400', '0.200', '1.708', '0.038', '1.396', '7.500', 1, 2, 2),
(322, '2.400', '0.330', '1.545', '0.055', '1.368', '7.500', 1, 2, 2),
(323, '2.400', '0.500', '1.669', '0.054', '1.388', '7.500', 1, 2, 2),
(324, '2.400', '0.660', '1.672', '0.047', '1.403', '7.500', 1, 2, 2),
(325, '2.400', '0.200', '2.474', '0.168', '1.462', '24.000', 1, 2, 2),
(326, '2.400', '0.330', '2.339', '0.186', '1.416', '24.000', 1, 2, 2),
(327, '2.400', '0.500', '2.466', '0.189', '1.492', '24.000', 1, 2, 2),
(328, '2.400', '0.660', '2.592', '0.196', '1.507', '24.000', 1, 2, 2),
(329, '2.400', '0.200', '1.791', '0.098', '1.407', '56.000', 1, 2, 2),
(330, '2.400', '0.330', '1.554', '0.130', '1.427', '56.000', 1, 2, 2),
(331, '2.400', '0.500', '1.810', '0.131', '1.446', '56.000', 1, 2, 2),
(332, '2.400', '0.660', '1.963', '0.157', '1.455', '56.000', 1, 2, 2),
(333, '2.400', '0.200', '0.896', '0.161', '1.601', '100.000', 1, 2, 2),
(334, '2.400', '0.330', '0.760', '0.124', '1.627', '100.000', 1, 2, 2),
(335, '2.400', '0.500', '0.916', '0.180', '1.512', '100.000', 1, 2, 2),
(336, '2.400', '0.660', '1.081', '0.190', '1.632', '100.000', 1, 2, 2),
(337, '3.200', '0.200', '1.594', '0.148', '1.564', '7.500', 1, 2, 2),
(338, '3.200', '0.330', '1.661', '0.246', '1.503', '7.500', 1, 2, 2),
(339, '3.200', '0.500', '1.817', '0.228', '1.552', '7.500', 1, 2, 2),
(340, '3.200', '0.660', '2.234', '0.156', '1.579', '7.500', 1, 2, 2),
(341, '3.200', '0.200', '1.374', '0.302', '1.582', '24.000', 1, 2, 2),
(342, '3.200', '0.330', '1.626', '0.506', '1.603', '24.000', 1, 2, 2),
(343, '3.200', '0.500', '1.821', '0.505', '1.651', '24.000', 1, 2, 2),
(344, '3.200', '0.660', '1.900', '0.379', '1.766', '24.000', 1, 2, 2),
(345, '3.200', '0.200', '0.442', '0.177', '1.887', '56.000', 1, 2, 2),
(346, '3.200', '0.330', '0.449', '0.453', '1.855', '56.000', 1, 2, 2),
(347, '3.200', '0.500', '0.487', '0.403', '1.900', '56.000', 1, 2, 2),
(348, '3.200', '0.660', '0.515', '0.387', '2.041', '56.000', 1, 2, 2),
(349, '3.200', '0.200', '1.118', '0.332', '2.073', '100.000', 1, 2, 2),
(350, '3.200', '0.330', '0.926', '0.382', '1.987', '100.000', 1, 2, 2),
(351, '3.200', '0.500', '1.237', '0.240', '2.196', '100.000', 1, 2, 2),
(352, '3.200', '0.660', '1.256', '0.211', '2.207', '100.000', 1, 2, 2),
(353, '4.000', '0.200', '1.218', '0.249', '1.976', '7.500', 1, 2, 2),
(354, '4.000', '0.330', '1.241', '0.281', '2.117', '7.500', 1, 2, 2),
(355, '4.000', '0.500', '1.216', '0.392', '2.287', '7.500', 1, 2, 2),
(356, '4.000', '0.660', '1.272', '0.457', '2.502', '7.500', 1, 2, 2),
(357, '4.000', '0.200', '1.189', '1.118', '1.743', '24.000', 1, 2, 2),
(358, '4.000', '0.330', '1.202', '1.390', '1.622', '24.000', 1, 2, 2),
(359, '4.000', '0.500', '1.337', '1.166', '1.731', '24.000', 1, 2, 2),
(360, '4.000', '0.660', '1.547', '0.977', '1.762', '24.000', 1, 2, 2),
(361, '4.000', '0.200', '1.234', '0.726', '1.841', '56.000', 1, 2, 2),
(362, '4.000', '0.330', '1.102', '0.989', '2.132', '56.000', 1, 2, 2),
(363, '4.000', '0.500', '0.878', '0.816', '2.218', '56.000', 1, 2, 2),
(364, '4.000', '0.660', '0.296', '0.745', '2.406', '56.000', 1, 2, 2),
(365, '4.000', '0.200', '0.932', '0.727', '2.251', '100.000', 1, 2, 2),
(366, '4.000', '0.330', '0.752', '0.836', '2.317', '100.000', 1, 2, 2),
(367, '4.000', '0.500', '0.569', '0.798', '2.842', '100.000', 1, 2, 2),
(368, '4.000', '0.660', '0.428', '0.686', '3.244', '100.000', 1, 2, 2),
(369, '5.600', '0.200', '3.561', '0.081', '2.453', '7.500', 1, 2, 2),
(370, '5.600', '0.330', '0.637', '0.503', '2.875', '7.500', 1, 2, 2),
(371, '5.600', '0.500', '0.674', '0.345', '2.961', '7.500', 1, 2, 2),
(372, '5.600', '0.660', '0.817', '0.071', '3.007', '7.500', 1, 2, 2),
(373, '5.600', '0.200', '0.976', '1.234', '2.519', '24.000', 1, 2, 2),
(374, '5.600', '0.330', '1.134', '1.977', '2.559', '24.000', 1, 2, 2),
(375, '5.600', '0.500', '1.248', '1.863', '2.627', '24.000', 1, 2, 2),
(376, '5.600', '0.660', '1.113', '1.680', '2.696', '24.000', 1, 2, 2),
(377, '5.600', '0.200', '0.621', '0.548', '2.531', '56.000', 1, 2, 2),
(378, '5.600', '0.330', '0.522', '0.694', '2.667', '56.000', 1, 2, 2),
(379, '5.600', '0.500', '0.559', '0.600', '2.780', '56.000', 1, 2, 2),
(380, '5.600', '0.660', '0.733', '0.561', '2.886', '56.000', 1, 2, 2),
(381, '5.600', '0.200', '0.395', '0.477', '3.348', '100.000', 1, 2, 2),
(382, '5.600', '0.330', '0.577', '0.522', '3.103', '100.000', 1, 2, 2),
(383, '5.600', '0.500', '0.721', '0.482', '3.227', '100.000', 1, 2, 2),
(384, '5.600', '0.660', '0.936', '0.406', '3.318', '100.000', 1, 2, 2),
(385, '2.400', '0.200', '22.700', '0.361', '1.583', '7.500', 0, 3, 2),
(386, '2.400', '0.330', '36.739', '0.821', '1.555', '7.500', 0, 3, 2),
(387, '2.400', '0.500', '40.419', '0.684', '1.627', '7.500', 0, 3, 2),
(388, '2.400', '0.660', '37.057', '0.643', '1.367', '7.500', 0, 3, 2),
(389, '2.400', '0.200', '32.830', '0.743', '1.855', '24.000', 0, 3, 2),
(390, '2.400', '0.330', '50.906', '1.079', '1.786', '24.000', 0, 3, 2),
(391, '2.400', '0.500', '54.289', '1.055', '1.853', '24.000', 0, 3, 2),
(392, '2.400', '0.660', '45.748', '0.626', '2.620', '24.000', 0, 3, 2),
(393, '2.400', '0.200', '54.577', '0.443', '1.654', '56.000', 0, 3, 2),
(394, '2.400', '0.330', '75.942', '0.463', '1.598', '56.000', 0, 3, 2),
(395, '2.400', '0.500', '87.260', '0.451', '1.622', '56.000', 0, 3, 2),
(396, '2.400', '0.660', '103.286', '0.434', '1.680', '56.000', 0, 3, 2),
(397, '2.400', '0.200', '53.454', '0.335', '2.193', '100.000', 0, 3, 2),
(398, '2.400', '0.330', '91.192', '0.433', '2.064', '100.000', 0, 3, 2),
(399, '2.400', '0.500', '105.124', '0.341', '2.226', '100.000', 0, 3, 2),
(400, '2.400', '0.660', '115.146', '0.376', '2.437', '100.000', 0, 3, 2),
(401, '3.200', '0.200', '17.240', '0.788', '2.534', '7.500', 0, 3, 2),
(402, '3.200', '0.330', '25.721', '1.705', '2.503', '7.500', 0, 3, 2),
(403, '3.200', '0.500', '24.295', '1.575', '2.635', '7.500', 0, 3, 2),
(404, '3.200', '0.660', '19.769', '1.371', '2.173', '7.500', 0, 3, 2),
(405, '3.200', '0.200', '25.279', '1.115', '2.931', '24.000', 0, 3, 2),
(406, '3.200', '0.330', '34.616', '1.683', '2.840', '24.000', 0, 3, 2),
(407, '3.200', '0.500', '29.859', '1.657', '2.920', '24.000', 0, 3, 2),
(408, '3.200', '0.660', '32.481', '1.427', '3.016', '24.000', 0, 3, 2),
(409, '3.200', '0.200', '40.933', '0.996', '2.860', '56.000', 0, 3, 2),
(410, '3.200', '0.330', '50.881', '1.028', '2.786', '56.000', 0, 3, 2),
(411, '3.200', '0.500', '66.501', '1.010', '2.963', '56.000', 0, 3, 2),
(412, '3.200', '0.660', '77.666', '0.967', '3.320', '56.000', 0, 3, 2),
(413, '3.200', '0.200', '38.487', '1.038', '2.794', '100.000', 0, 3, 2),
(414, '3.200', '0.330', '55.627', '1.373', '2.487', '100.000', 0, 3, 2),
(415, '3.200', '0.500', '64.383', '1.085', '2.970', '100.000', 0, 3, 2),
(416, '3.200', '0.660', '77.033', '1.184', '3.663', '100.000', 0, 3, 2),
(417, '4.000', '0.200', '14.350', '0.983', '2.601', '7.500', 0, 3, 2),
(418, '4.000', '0.330', '15.249', '2.509', '2.313', '7.500', 0, 3, 2),
(419, '4.000', '0.500', '18.246', '2.459', '2.658', '7.500', 0, 3, 2),
(420, '4.000', '0.660', '16.832', '2.063', '2.726', '7.500', 0, 3, 2),
(421, '4.000', '0.200', '26.179', '2.192', '2.852', '24.000', 0, 3, 2),
(422, '4.000', '0.330', '30.981', '6.073', '2.973', '24.000', 0, 3, 2),
(423, '4.000', '0.500', '37.734', '5.335', '3.109', '24.000', 0, 3, 2),
(424, '4.000', '0.660', '31.991', '4.006', '3.056', '24.000', 0, 3, 2),
(425, '4.000', '0.200', '26.753', '1.579', '3.293', '56.000', 0, 3, 2),
(426, '4.000', '0.330', '27.498', '3.689', '3.129', '56.000', 0, 3, 2),
(427, '4.000', '0.500', '33.134', '3.094', '3.433', '56.000', 0, 3, 2),
(428, '4.000', '0.660', '28.952', '2.668', '3.539', '56.000', 0, 3, 2),
(429, '4.000', '0.200', '32.522', '1.307', '3.527', '100.000', 0, 3, 2),
(430, '4.000', '0.330', '36.527', '1.935', '4.037', '100.000', 0, 3, 2),
(431, '4.000', '0.500', '42.008', '1.755', '4.209', '100.000', 0, 3, 2),
(432, '4.000', '0.660', '37.229', '1.605', '4.622', '100.000', 0, 3, 2),
(433, '5.600', '0.200', '14.231', '3.223', '2.391', '7.500', 0, 3, 2),
(434, '5.600', '0.330', '13.998', '3.699', '2.448', '7.500', 0, 3, 2),
(435, '5.600', '0.500', '14.864', '3.265', '2.468', '7.500', 0, 3, 2),
(436, '5.600', '0.660', '15.325', '3.403', '2.626', '7.500', 0, 3, 2),
(437, '5.600', '0.200', '23.404', '9.674', '3.117', '24.000', 0, 3, 2),
(438, '5.600', '0.330', '23.447', '11.328', '3.409', '24.000', 0, 3, 2),
(439, '5.600', '0.500', '29.419', '10.565', '3.828', '24.000', 0, 3, 2),
(440, '5.600', '0.660', '28.790', '10.073', '3.713', '24.000', 0, 3, 2),
(441, '5.600', '0.200', '22.935', '5.272', '4.033', '56.000', 0, 3, 2),
(442, '5.600', '0.330', '22.804', '7.198', '4.406', '56.000', 0, 3, 2),
(443, '5.600', '0.500', '25.203', '6.149', '4.528', '56.000', 0, 3, 2),
(444, '5.600', '0.660', '31.549', '5.364', '4.619', '56.000', 0, 3, 2),
(445, '5.600', '0.200', '26.833', '2.451', '3.789', '100.000', 0, 3, 2),
(446, '5.600', '0.330', '27.348', '3.063', '4.112', '100.000', 0, 3, 2),
(447, '5.600', '0.500', '30.293', '2.725', '4.681', '100.000', 0, 3, 2),
(448, '5.600', '0.660', '31.332', '2.155', '4.887', '100.000', 0, 3, 2),
(449, '2.400', '0.200', '23.542', '0.013', '1.256', '7.500', 1, 4, 2),
(450, '2.400', '0.330', '15.726', '0.017', '1.192', '7.500', 1, 4, 2),
(451, '2.400', '0.500', '35.242', '0.007', '1.221', '7.500', 1, 4, 2),
(452, '2.400', '0.660', '103.749', '0.005', '1.244', '7.500', 1, 4, 2),
(453, '2.400', '0.200', '92.207', '0.248', '1.040', '24.000', 1, 4, 2),
(454, '2.400', '0.330', '75.706', '0.339', '1.116', '24.000', 1, 4, 2),
(455, '2.400', '0.500', '72.229', '0.298', '1.194', '24.000', 1, 4, 2),
(456, '2.400', '0.660', '58.834', '0.271', '1.208', '24.000', 1, 4, 2),
(457, '2.400', '0.200', '80.408', '0.086', '1.079', '56.000', 1, 4, 2),
(458, '2.400', '0.330', '99.353', '0.121', '0.974', '56.000', 1, 4, 2),
(459, '2.400', '0.500', '131.163', '0.108', '1.046', '56.000', 1, 4, 2),
(460, '2.400', '0.660', '126.925', '0.020', '1.017', '56.000', 1, 4, 2),
(461, '2.400', '0.200', '68.872', '0.025', '1.324', '100.000', 1, 4, 2),
(462, '2.400', '0.330', '78.598', '0.031', '1.279', '100.000', 1, 4, 2),
(463, '2.400', '0.500', '67.221', '0.014', '1.316', '100.000', 1, 4, 2),
(464, '2.400', '0.660', '53.232', '0.010', '1.340', '100.000', 1, 4, 2),
(465, '3.200', '0.200', '15.204', '0.194', '1.678', '7.500', 1, 4, 2),
(466, '3.200', '0.330', '22.181', '0.270', '1.625', '7.500', 1, 4, 2),
(467, '3.200', '0.500', '63.571', '0.254', '1.722', '7.500', 1, 4, 2),
(468, '3.200', '0.660', '58.594', '0.203', '1.797', '7.500', 1, 4, 2),
(469, '3.200', '0.200', '23.587', '0.250', '1.993', '24.000', 1, 4, 2),
(470, '3.200', '0.330', '32.393', '0.381', '1.852', '24.000', 1, 4, 2),
(471, '3.200', '0.500', '28.255', '0.329', '1.934', '24.000', 1, 4, 2),
(472, '3.200', '0.660', '33.534', '0.264', '1.971', '24.000', 1, 4, 2),
(473, '3.200', '0.200', '19.811', '0.033', '1.903', '56.000', 1, 4, 2),
(474, '3.200', '0.330', '25.375', '0.039', '1.833', '56.000', 1, 4, 2),
(475, '3.200', '0.500', '32.905', '0.036', '1.962', '56.000', 1, 4, 2),
(476, '3.200', '0.660', '37.925', '0.032', '2.156', '56.000', 1, 4, 2),
(477, '3.200', '0.200', '22.256', '0.019', '1.826', '100.000', 1, 4, 2),
(478, '3.200', '0.330', '31.518', '0.052', '1.658', '100.000', 1, 4, 2),
(479, '3.200', '0.500', '37.146', '0.034', '1.941', '100.000', 1, 4, 2),
(480, '3.200', '0.660', '44.365', '0.023', '2.371', '100.000', 1, 4, 2),
(481, '4.000', '0.200', '22.967', '0.181', '1.927', '7.500', 1, 4, 2),
(482, '4.000', '0.330', '16.874', '0.432', '1.842', '7.500', 1, 4, 2),
(483, '4.000', '0.500', '33.156', '0.363', '1.897', '7.500', 1, 4, 2),
(484, '4.000', '0.660', '54.449', '0.292', '1.911', '7.500', 1, 4, 2),
(485, '4.000', '0.200', '16.923', '0.445', '2.255', '24.000', 1, 4, 2),
(486, '4.000', '0.330', '13.352', '0.571', '2.107', '24.000', 1, 4, 2),
(487, '4.000', '0.500', '9.165', '0.518', '2.184', '24.000', 1, 4, 2),
(488, '4.000', '0.660', '7.460', '0.414', '2.178', '24.000', 1, 4, 2),
(489, '4.000', '0.200', '14.476', '0.114', '2.266', '56.000', 1, 4, 2),
(490, '4.000', '0.330', '10.804', '0.167', '2.107', '56.000', 1, 4, 2),
(491, '4.000', '0.500', '8.385', '0.183', '2.288', '56.000', 1, 4, 2),
(492, '4.000', '0.660', '7.996', '0.123', '2.483', '56.000', 1, 4, 2),
(493, '4.000', '0.200', '28.623', '0.086', '2.221', '100.000', 1, 4, 2),
(494, '4.000', '0.330', '22.594', '0.161', '2.219', '100.000', 1, 4, 2),
(495, '4.000', '0.500', '15.603', '0.196', '2.280', '100.000', 1, 4, 2),
(496, '4.000', '0.660', '13.329', '0.113', '2.347', '100.000', 1, 4, 2),
(497, '5.600', '0.200', '19.013', '0.884', '2.966', '7.500', 1, 4, 2),
(498, '5.600', '0.330', '16.349', '0.999', '2.670', '7.500', 1, 4, 2),
(499, '5.600', '0.500', '38.134', '1.006', '2.874', '7.500', 1, 4, 2),
(500, '5.600', '0.660', '63.924', '1.265', '3.064', '7.500', 1, 4, 2),
(501, '5.600', '0.200', '24.271', '1.822', '2.448', '24.000', 1, 4, 2),
(502, '5.600', '0.330', '18.341', '2.608', '2.403', '24.000', 1, 4, 2),
(503, '5.600', '0.500', '9.151', '2.251', '2.412', '24.000', 1, 4, 2),
(504, '5.600', '0.660', '7.907', '1.881', '2.561', '24.000', 1, 4, 2),
(505, '5.600', '0.200', '19.433', '1.115', '2.527', '56.000', 1, 4, 2),
(506, '5.600', '0.330', '11.425', '1.360', '2.476', '56.000', 1, 4, 2),
(507, '5.600', '0.500', '9.952', '1.159', '2.519', '56.000', 1, 4, 2),
(508, '5.600', '0.660', '6.863', '0.833', '2.622', '56.000', 1, 4, 2),
(509, '5.600', '0.200', '14.056', '0.253', '2.634', '100.000', 1, 4, 2),
(510, '5.600', '0.330', '11.218', '0.288', '2.305', '100.000', 1, 4, 2),
(511, '5.600', '0.500', '9.224', '0.271', '2.339', '100.000', 1, 4, 2),
(512, '5.600', '0.660', '7.487', '0.227', '2.489', '100.000', 1, 4, 2);

-- --------------------------------------------------------

--
-- Estrutura da tabela `usuario`
--

CREATE TABLE `usuario` (
  `id` int(11) NOT NULL,
  `nome` varchar(45) NOT NULL,
  `email` varchar(45) NOT NULL,
  `login` varchar(45) NOT NULL,
  `senha` varchar(255) NOT NULL
) ENGINE=InnoDB DEFAULT CHARSET=utf8;

--
-- Extraindo dados da tabela `usuario`
--

INSERT INTO `usuario` (`id`, `nome`, `email`, `login`, `senha`) VALUES
(1, 'felipe', 'felipe@Qualquercoisa.br', 'felipe', '$2y$12$jcixF1UMOZN76Bzjnp38LOcTCAgo9Y2Gf62fiYu4LiaPENDrgbMzW');

--
-- Índices para tabelas despejadas
--

--
-- Índices para tabela `eletrodo`
--
ALTER TABLE `eletrodo`
  ADD PRIMARY KEY (`id`),
  ADD KEY `fk_eletrodo_material` (`material_id`);

--
-- Índices para tabela `material`
--
ALTER TABLE `material`
  ADD PRIMARY KEY (`id`);

--
-- Índices para tabela `operacao`
--
ALTER TABLE `operacao`
  ADD PRIMARY KEY (`id`);

--
-- Índices para tabela `ponto`
--
ALTER TABLE `ponto`
  ADD PRIMARY KEY (`id`),
  ADD KEY `fk_ponto_eletrodo` (`eletrodo_id`),
  ADD KEY `fk_ponto_operacao` (`operacao_id`);

--
-- Índices para tabela `usuario`
--
ALTER TABLE `usuario`
  ADD PRIMARY KEY (`id`);

--
-- AUTO_INCREMENT de tabelas despejadas
--

--
-- AUTO_INCREMENT de tabela `eletrodo`
--
ALTER TABLE `eletrodo`
  MODIFY `id` int(11) NOT NULL AUTO_INCREMENT, AUTO_INCREMENT=5;

--
-- AUTO_INCREMENT de tabela `material`
--
ALTER TABLE `material`
  MODIFY `id` int(11) NOT NULL AUTO_INCREMENT, AUTO_INCREMENT=2;

--
-- AUTO_INCREMENT de tabela `operacao`
--
ALTER TABLE `operacao`
  MODIFY `id` int(11) NOT NULL AUTO_INCREMENT, AUTO_INCREMENT=3;

--
-- AUTO_INCREMENT de tabela `ponto`
--
ALTER TABLE `ponto`
  MODIFY `id` int(11) NOT NULL AUTO_INCREMENT, AUTO_INCREMENT=513;

--
-- AUTO_INCREMENT de tabela `usuario`
--
ALTER TABLE `usuario`
  MODIFY `id` int(11) NOT NULL AUTO_INCREMENT, AUTO_INCREMENT=2;

--
-- Restrições para despejos de tabelas
--

--
-- Limitadores para a tabela `eletrodo`
--
ALTER TABLE `eletrodo`
  ADD CONSTRAINT `fk_eletrodo_material` FOREIGN KEY (`material_id`) REFERENCES `material` (`id`) ON DELETE NO ACTION ON UPDATE NO ACTION;

--
-- Limitadores para a tabela `ponto`
--
ALTER TABLE `ponto`
  ADD CONSTRAINT `fk_ponto_eletrodo` FOREIGN KEY (`eletrodo_id`) REFERENCES `eletrodo` (`id`) ON DELETE NO ACTION ON UPDATE NO ACTION,
  ADD CONSTRAINT `fk_ponto_operacao` FOREIGN KEY (`operacao_id`) REFERENCES `operacao` (`id`) ON DELETE NO ACTION ON UPDATE NO ACTION;
COMMIT;

/*!40101 SET CHARACTER_SET_CLIENT=@OLD_CHARACTER_SET_CLIENT */;
/*!40101 SET CHARACTER_SET_RESULTS=@OLD_CHARACTER_SET_RESULTS */;
/*!40101 SET COLLATION_CONNECTION=@OLD_COLLATION_CONNECTION */;
